{
  "gpt2": {
    "perplexity": 8.64792619317149,
    "bleu": 0.02206994139702736,
    "meteor": 0.2413806705792957,
    "bertscore": {
      "precision": 0.7400087246707842,
      "recall": 0.8437292476495107,
      "f1": 0.7882864089573131
    }
  },
  "gpt2-medium": {
    "perplexity": 6.570245464652303,
    "bleu": 0.024207667637293432,
    "meteor": 0.25438551477839205,
    "bertscore": {
      "precision": 0.7463197515291327,
      "recall": 0.8441664342786751,
      "f1": 0.7920739446200576
    }
  },
  "gpt2-large": {
    "perplexity": 4.586859680020465,
    "bleu": 0.026564246598304673,
    "meteor": 0.22971020896051123,
    "bertscore": {
      "precision": 0.7378851601890489,
      "recall": 0.8417737542414198,
      "f1": 0.7862072873349283
    }
  },
  "llama-3.2-1b-instruct": {
    "perplexity": 5.343491295729844,
    "bleu": 0.025580081385794855,
    "meteor": 0.23766147915442493,
    "bertscore": {
      "precision": 0.7390624810667599,
      "recall": 0.8389458305695477,
      "f1": 0.785688674917408
    }
  },
  "tinyllama-1.1b-chat": {
    "perplexity": 3.555274019633397,
    "bleu": 0.03065837242300427,
    "meteor": 0.21842834506982772,
    "bertscore": {
      "precision": 0.7421208041555741,
      "recall": 0.8400070889323366,
      "f1": 0.7878747623340756
    }
  }
}